gene,arm,caqtl_lead,caqtl_p,AD_minp_in_peak,n_gwas_in_peak
SPP1,accelerator,rs5024096,1.4683114253584045e-12,0.0037090000000000014,83
CTSB,DAM_only,rs73209041,1.2933543467363241e-11,0.014720000000000002,107
AXL,DAM_only,rs338589,2.2970804603320224e-06,0.002512999999999999,106
TGFB1,resolution,rs6508975,3.97758821415191e-06,0.009472999999999997,73
ANXA1,resolution,rs4745219,8.718325278111136e-06,0.0030929999999999994,72
HAS3,resolution,rs10500548,3.0845860618736425e-05,0.01868,63
ITGAX,accelerator,rs2230428,3.8104886160924723e-05,0.0034159999999999993,51
CTSL,DAM_only,rs201079613,5.213806065877803e-05,0.005906,91
GPNMB,accelerator,rs77253147,0.0001595013310299239,0.014749999999999997,71
CTSD,DAM_only,rs34548333,0.0001664824403355362,0.007247000000000002,123
C1QB,accelerator,rs12754182,0.00017498205245018665,0.005729999999999998,97
CXCL10,accelerator,rs5005113,0.0001995069379947706,0.0006761000000000003,112
LGALS3,accelerator,rs66782529,0.0002088119517059127,0.0011939999999999997,60
CD9,DAM_only,rs56353418,0.000241868185833293,0.020880000000000003,90
CD68,accelerator,rs12937543,0.0004026359728380792,7.252999999999995e-07,85
CLEC7A,accelerator,rs11053625,0.00043389568691767157,0.0020430000000000005,99
C1QA,accelerator,rs11428702,0.00044071539638548216,0.0014819999999999996,83
C1QC,accelerator,rs629409,0.0008746244741275706,0.0014819999999999996,80
APOE,accelerator,rs406456,0.0011188451271374191,1e-320,72
IL10,resolution,rs55705316,0.002441491870405793,0.020700000000000003,71
TLR2,accelerator,rs4696187,0.002816283693572311,7.079999999999999e-05,67
LPL,accelerator,rs6991095,0.0032372791585902677,0.007688999999999999,127
C3,accelerator,rs2547438,0.005140419510158293,0.029179999999999994,104
CST7,accelerator,rs2892279,0.006055701025687011,0.03229,116
CD44,accelerator,rs12419062,0.007074857772894545,0.013860000000000004,64
TREM2,accelerator,rs62396316,0.01066554661803807,1.3940000000000007e-27,90
FTH1,DAM_only,rs12365888,0.011238955949381676,0.02188,71
B2M,accelerator,rs12902836,0.013226192461920631,0.013749999999999998,77
SOCS3,resolution,rs8076327,0.022425067489926807,0.004492000000000002,99
IL1B,accelerator,rs57259660,0.025256943751243485,0.010009999999999998,64
TYROBP,accelerator,rs1997537,0.025289608120789044,0.009211999999999998,88
LGALS3BP,DAM_only,rs113714450,0.042327070097997674,0.006688000000000001,99
TNF,accelerator,rs2230365,0.07294095009987649,5.5580000000000034e-05,92
